<?xml version="1.0" encoding="UTF-8"?>
<bestsellers>
   <product>
     <Name>Ô Long Thái Cực</Name>
     <Price>36000 VNĐ</Price>
     <Size>M</Size>
   </product>
    <product>
     <Name>Ô Long Trân Châu Baby Kem</Name>
     <Price>36000 VNĐ</Price>
     <Size>M</Size>
   </product>
   <product>
     <Name>Ô Long Xoài Kem Coffee</Name>
     <Price>40000 VNĐ</Price>
     <Size>S</Size>
    </product>
     <Name>Sữa Chua Mận Hạt Sen</Name>
     <Price>40000 VNĐ</Price>
     <Size>L</Size>
    <product>
     <Name>Ngũ Cốc Kem</Name>
     <Price>40000 VNĐ</Price>
     <Size>M</Size>
   </product>
</bestsellers>